Timestamp,Junction_ID,Vehicle_Count,Average_Speed,Road_Occupancy,Signal_Status,Weather,Event_Status,Hour,Day,Date,Vehicle_Norm,Speed_Norm,Occupancy_Norm,Congestion_Score,High_Congestion
2026-01-01 08:00:12,Zone_A,118.0,27.45,81.38,Green,Clear,Event,8,Thursday,2026-01-01,0.09999999999999964,0.89975845410628,0.10004833252779077,0.10009662614050348,0
2026-01-01 08:00:45,Zone_B,132.0,23.59,91.03,Green,Clear,Event,8,Thursday,2026-01-01,0.5666666666666669,0.43357487922705307,0.566457225712905,0.5665163377175063,0
2026-01-01 08:01:10,Zone_A,127.5,24.83,87.93,Green,Clear,Event,8,Thursday,2026-01-01,0.4166666666666665,0.583333333333333,0.4166263895601743,0.41665324096450257,0
2026-01-01 08:01:55,Zone_C,115.0,28.28,79.31,Green,Clear,Event,8,Thursday,2026-01-01,0.0,1.0,0.0,0.0,0
2026-01-01 08:02:22,Zone_B,140.0,21.38,96.55,Green,Clear,Event,8,Thursday,2026-01-01,0.8333333333333335,0.16666666666666652,0.8332527791203477,0.8333064819290049,1
2026-01-01 08:02:50,Zone_A,125.0,25.52,86.21,Green,Clear,Event,8,Thursday,2026-01-01,0.3333333333333335,0.6666666666666665,0.33349444175930376,0.3333870361419902,0
2026-01-01 08:03:15,Zone_C,127.5,24.83,87.93,Green,Clear,Event,8,Thursday,2026-01-01,0.4166666666666665,0.583333333333333,0.4166263895601743,0.41665324096450257,0
2026-01-01 08:03:45,Zone_B,138.0,21.93,95.17,Green,Clear,Event,8,Thursday,2026-01-01,0.7666666666666662,0.23309178743961345,0.7665538907684875,0.7667095899985134,1
2026-01-01 08:04:12,Zone_A,127.0,24.97,87.59,Green,Clear,Event,8,Thursday,2026-01-01,0.3999999999999999,0.6002415458937196,0.40019333011116487,0.39998392807248173,0
2026-01-01 08:04:55,Zone_C,120.0,26.9,82.76,Green,Clear,Event,8,Thursday,2026-01-01,0.16666666666666652,0.833333333333333,0.16674722087965232,0.16669351807099528,0
2026-01-01 08:05:30,Zone_A,119.0,27.17,82.07,Green,Clear,Event,8,Thursday,2026-01-01,0.1333333333333333,0.8659420289855073,0.13339777670372088,0.1335963603505156,0
2026-01-01 08:06:05,Zone_B,127.5,24.83,87.93,Green,Clear,Event,8,Thursday,2026-01-01,0.4166666666666665,0.583333333333333,0.4166263895601743,0.41665324096450257,0
2026-01-01 08:06:40,Zone_A,124.0,25.79,85.52,Green,Clear,Event,8,Thursday,2026-01-01,0.2999999999999994,0.6992753623188404,0.30014499758337365,0.3002898784215109,0
2026-01-01 08:07:15,Zone_C,116.0,28.0,80.0,Green,Clear,Event,8,Thursday,2026-01-01,0.033333333333333215,0.9661835748792269,0.03334944417593011,0.03349973421001214,0
2026-01-01 08:07:50,Zone_B,142.0,20.83,97.93,Green,Clear,Event,8,Thursday,2026-01-01,0.8999999999999999,0.10024154589371959,0.8999516674722088,0.8999033738594964,1
2026-01-01 08:08:25,Zone_A,126.0,25.24,86.9,Green,Clear,Event,8,Thursday,2026-01-01,0.3666666666666667,0.6328502415458934,0.36684388593523476,0.3668867703520027,0
2026-01-01 08:09:00,Zone_C,127.5,24.83,87.93,Green,Clear,Event,8,Thursday,2026-01-01,0.4166666666666665,0.583333333333333,0.4166263895601743,0.41665324096450257,0
2026-01-01 08:09:35,Zone_B,139.0,21.66,95.86,Green,Clear,Event,8,Thursday,2026-01-01,0.7999999999999994,0.20048309178743962,0.7999033349444176,0.7998067477189924,1
2026-01-01 08:10:10,Zone_A,128.0,24.69,88.28,Green,Clear,Event,8,Thursday,2026-01-01,0.4333333333333331,0.5664251207729469,0.433542774287095,0.43348366228249374,0
2026-01-01 08:10:45,Zone_C,121.0,26.62,83.45,Green,Clear,Event,8,Thursday,2026-01-01,0.19999999999999973,0.7995169082125604,0.20009666505558243,0.20019325228100726,0
2026-01-01 08:11:20,Zone_A,120.0,26.9,82.76,Green,Clear,Event,8,Thursday,2026-01-01,0.16666666666666652,0.833333333333333,0.16674722087965232,0.16669351807099528,0
2026-01-01 08:11:55,Zone_B,134.0,23.03,92.41,Green,Clear,Event,8,Thursday,2026-01-01,0.6333333333333333,0.3659420289855073,0.6331561140647652,0.6335158061375304,1
2026-01-01 08:12:30,Zone_A,127.5,24.83,87.93,Green,Clear,Event,8,Thursday,2026-01-01,0.4166666666666665,0.583333333333333,0.4166263895601743,0.41665324096450257,0
2026-01-01 08:13:05,Zone_C,117.0,27.72,80.69,Green,Clear,Event,8,Thursday,2026-01-01,0.06666666666666643,0.9323671497584538,0.06669888835186066,0.06699946842002442,0
2026-01-01 08:13:40,Zone_B,143.0,20.55,98.62,Green,Clear,Event,8,Thursday,2026-01-01,0.9333333333333331,0.06642512077294693,0.9333011116481389,0.9334031080695083,1
2026-01-01 08:14:15,Zone_A,127.0,24.97,87.59,Green,Clear,Event,8,Thursday,2026-01-01,0.3999999999999999,0.6002415458937196,0.40019333011116487,0.39998392807248173,0
2026-01-01 08:14:50,Zone_C,127.5,24.83,87.93,Green,Clear,Event,8,Thursday,2026-01-01,0.4166666666666665,0.583333333333333,0.4166263895601743,0.41665324096450257,0
2026-01-01 08:15:25,Zone_B,140.0,21.38,96.55,Green,Clear,Event,8,Thursday,2026-01-01,0.8333333333333335,0.16666666666666652,0.8332527791203477,0.8333064819290049,1
2026-01-01 08:16:00,Zone_A,129.0,24.41,88.97,Green,Clear,Event,8,Thursday,2026-01-01,0.46666666666666634,0.5326086956521738,0.4668922184630251,0.46698339649250586,0
2026-01-01 08:16:35,Zone_C,122.0,26.34,84.14,Green,Clear,Event,8,Thursday,2026-01-01,0.23333333333333295,0.7657004830917873,0.23344610923151254,0.2336929864910194,0
2026-01-01 08:17:10,Zone_A,121.0,26.62,83.45,Green,Clear,Event,8,Thursday,2026-01-01,0.19999999999999973,0.7995169082125604,0.20009666505558243,0.20019325228100726,0
2026-01-01 08:17:45,Zone_B,135.0,22.76,93.1,Green,Clear,Event,8,Thursday,2026-01-01,0.6666666666666665,0.3333333333333335,0.6665055582406954,0.6666129638580095,1
2026-01-01 08:18:20,Zone_A,127.5,24.83,87.93,Green,Clear,Event,8,Thursday,2026-01-01,0.4166666666666665,0.583333333333333,0.4166263895601743,0.41665324096450257,0
2026-01-01 08:18:55,Zone_C,118.0,27.45,81.38,Green,Clear,Event,8,Thursday,2026-01-01,0.09999999999999964,0.89975845410628,0.10004833252779077,0.10009662614050348,0
2026-01-01 08:19:30,Zone_B,144.0,20.28,99.31,Green,Clear,Event,8,Thursday,2026-01-01,0.9666666666666663,0.0338164251207731,0.9666505558240699,0.9665002657899877,1
2026-01-01 08:20:05,Zone_A,128.0,24.69,88.28,Green,Clear,Event,8,Thursday,2026-01-01,0.4333333333333331,0.5664251207729469,0.433542774287095,0.43348366228249374,0
2026-01-01 08:20:40,Zone_C,127.5,24.83,87.93,Green,Clear,Event,8,Thursday,2026-01-01,0.4166666666666665,0.583333333333333,0.4166263895601743,0.41665324096450257,0
2026-01-01 08:21:15,Zone_B,141.0,21.1,97.24,Green,Clear,Event,8,Thursday,2026-01-01,0.8666666666666667,0.13285024154589387,0.8666022232962778,0.8668062161390169,1
2026-01-01 08:21:50,Zone_A,130.0,24.14,89.66,Green,Clear,Event,8,Thursday,2026-01-01,0.49999999999999956,0.5,0.5002416626389561,0.5000805542129853,0
2026-01-01 08:22:25,Zone_C,123.0,26.07,84.83,Green,Clear,Event,8,Thursday,2026-01-01,0.26666666666666616,0.7330917874396135,0.26679555340744265,0.26679014421149844,0
2026-01-01 08:23:00,Zone_A,122.0,26.34,84.14,Green,Clear,Event,8,Thursday,2026-01-01,0.23333333333333295,0.7657004830917873,0.23344610923151254,0.2336929864910194,0
2026-01-01 08:23:35,Zone_B,136.0,22.48,93.79,Green,Clear,Event,8,Thursday,2026-01-01,0.6999999999999997,0.2995169082125604,0.6998550024166263,0.7001126980680219,1
2026-01-01 08:24:10,Zone_A,127.5,24.83,87.93,Green,Clear,Event,8,Thursday,2026-01-01,0.4166666666666665,0.583333333333333,0.4166263895601743,0.41665324096450257,0
2026-01-01 08:24:45,Zone_C,119.0,27.17,82.07,Green,Clear,Event,8,Thursday,2026-01-01,0.1333333333333333,0.8659420289855073,0.13339777670372088,0.1335963603505156,0
2026-01-01 08:25:20,Zone_B,145.0,20.0,100.0,Green,Clear,Event,8,Thursday,2026-01-01,0.9999999999999996,0.0,1.0,0.9999999999999999,1
2026-01-01 08:25:55,Zone_A,129.0,24.41,88.97,Green,Clear,Event,8,Thursday,2026-01-01,0.46666666666666634,0.5326086956521738,0.4668922184630251,0.46698339649250586,0
2026-01-01 08:26:30,Zone_C,127.5,24.83,87.93,Green,Clear,Event,8,Thursday,2026-01-01,0.4166666666666665,0.583333333333333,0.4166263895601743,0.41665324096450257,0
2026-01-01 08:27:05,Zone_B,142.0,20.83,97.93,Green,Clear,Event,8,Thursday,2026-01-01,0.8999999999999999,0.10024154589371959,0.8999516674722088,0.8999033738594964,1
2026-01-01 08:27:40,Zone_A,131.0,23.86,90.34,Green,Clear,Event,8,Thursday,2026-01-01,0.5333333333333328,0.4661835748792269,0.533107781536974,0.5334191799970266,0
2026-01-01 08:28:15,Zone_C,124.0,25.79,85.52,Green,Clear,Event,8,Thursday,2026-01-01,0.2999999999999994,0.6992753623188404,0.30014499758337365,0.3002898784215109,0
